{
    "map": "dust2",
    "long_doors": {
      "coord1": [539.031311, 342.934204, 1.567197],
      "coord2": [740.578064, 341.583191, 0.527790],
      "coord3": [539.223206, 696.461975, 1.394940],
      "coord4": [740.968689, 695.227600, 76.031250]
    },
    "blue": {
      "coord1": [534.395020, 1094.046143, 1.701973],
      "coord2": [965.420532, 1097.945068, 0.868401],
      "coord3": [964.536804, 1195.968628, 36.031250],
      "coord4": [534.042419, 1157.227661, 2.955454]
    },
    "side_pit": {
      "coord1": [927.315674, 788.737549, 9.031250],
      "coord2": [1227.969849, 780.331116, 9.031250],
      "coord3": [1227.968628, 215.031250, 11.459801],
      "coord4": [968.031250, 215.031342, 13.133325]
    },
    "pit": {
      "coord1": [1292.029297, 777.767090, -4.984802],
      "coord2": [1574.417114, 788.031067, -7.672363],
      "coord3": [1571.968750, 201.031326, -179.261719],
      "coord4": [1292.030029, 201.030350, -180.752197]
    }
  }